<?xml version="1.0" encoding="UTF-8"?>
<project-private xmlns="http://www.netbeans.org/ns/project-private/1">
    <editor-bookmarks xmlns="http://www.netbeans.org/ns/editor-bookmarks/2" lastBookmarkId="0"/>
    <open-files xmlns="http://www.netbeans.org/ns/projectui-open-files/2">
        <group>
            <file>file:/E:/oficinals_final/oficinalsnetbeans%20teste/web/CSS/alterar.css</file>
            <file>file:/E:/oficinals_final/oficinalsnetbeans%20teste/web/salvarAlteracao.jsp</file>
            <file>file:/E:/oficinals_final/oficinalsnetbeans%20teste/web/alterar.jsp</file>
            <file>file:/E:/oficinals_final/oficinalsnetbeans%20teste/web/CSS/tabela.css</file>
            <file>file:/E:/oficinals_final/oficinalsnetbeans%20teste/web/CSS/cadastro.css</file>
        </group>
    </open-files>
</project-private>
